type,title,link,info,topics,people,hover,img
paper,The Fold: Rethinking Interactivity in Data Visualization,http://www.digitalhumanities.org/dhq/vol/14/3/000487/000487.html,"by Viktoria Brüggemann, Mark-Jan Bludau and Marian Dörk. DHQ: Digital Humanities Quarterly. 14:3, Aug 2020.",Critique & Theory;Data Visualization,Viktoria Brüggemann;Mark-Jan Bludau,,
project,Information Visualization,https://infovis.fh-potsdam.de/tutorials/,"Course at FH Potsdam, 2020.",Education;Data Visualization,,Lectures on the fundamentals of information visualization and hands-on tutorials for basic visualization techniques and the necessary data processing,tutorials.png
project,Topography of Violence,https://www.jmberlin.de/topographie-gewalt/,"with Fabian Ehmel and Viktoria Brüggemann. Research cooperation with Jewish Museum Berlin, 2019-2020.",Data Visualization;History;Geovisualization;Critique & Theory;Digital Humanities,Fabian Ehmel;Viktoria Brüggemann,Antisemitic violence in Germany 1930–1938,jmb.png
project,Planetary Scrollytelling,https://infovis.fh-potsdam.de/planetscroll/," with Franziska Morlok and 26 students. Course at FH Potsdam, 2020.",Education;Narrative & Storytelling;World Wide Web,Franziska Morlok,Visual data essays about System Earth,planetscroll.png
paper,Postdigital Art in Design Education,https://2020.xcoax.org/pdf/xCoAx2020-Kovarik.pdf,"by Magdalena Kovarik and Marian Dörk. xCoAx 2020: Proceedings of the 8th Conference on Computation, Communication, Aesthetics & X, pages 74-86, July 2020.",Art;Education,Magdalena Kovarik,,
paper,Reading Traces: Scalable Exploration in Elastic Visualizations of Cultural Heritage Data,papers/eurovis2020.pdf,"by Mark-Jan Bludau, Viktoria Brüggemann, Anna Busch and Marian Dörk.  Computer Graphics Forum (Proc. EuroVis). 39(3), May 2020.",Books & Libraries;Digital Humanities;Language & Literature;Data Visualization,Mark-Jan Bludau;Viktoria Brüggemann;Anna Busch,,
project,KOLLISIONEN,https://uclab.fh-potsdam.de/projects/kollisionen/,"with Arran Ridley and Sara Akhlaq. In collaboration with Film University Babelsberg. Funded by EFRE, 2020-2022.",Cultural Heritage;Data Visualization;Narrative & Storytelling,Arran Ridley;Sara Akhlaq,Media collisions as drivers of innovation for new approaches to cultural heritage,kollisionen.png
paper,Die Falte: Ein Denkraum für interaktive und kritische Datenvisualisierungen,papers/dhd2020_falte.pdf,"von Viktoria Brüggemann, Mark-Jan Bludau und Marian Dörk. DHd 2020 Paderborn - Spielräume: Digital Humanities zwischen Modellierung und Interpretation, März 2020.",Data Visualization;Critique & Theory;Digital Humanities,Viktoria Brüggemann;Mark-Jan Bludau,,
paper,Emosaic: Visualizing Affective Content of Text at Varying Granularity,https://arxiv.org/pdf/2002.10096,"by Philipp Geuder, Marie Claire Leidinger, Martin von Lupin, Marian Dörk and Tobias Schröder. arXiv cs.HC, Feb 2020.",Data Visualization;Digital Humanities;Language & Literature;Multiple Views,Philipp Geuder;Marie Claire Leidinger;Martin von Lupin;Tobias Schröder,,
project,Close-Up Cloud,https://uclab.fh-potsdam.de/closeupcloud/,"by Pauline Junginger, Dennis Ostendorf, Anastasia Voloshina and Barbara Avila Vissirini with support from Timo Hausmann, Christopher Pietsch and Sarah Kreiseler. Student research, 2018-2019.",Art;Digital Humanities;Cultural Heritage;Exploratory Search;Data Visualization;Zoomable Interfaces,Pauline Junginger;Dennis Ostendorf;Anastasia Voloshina;Barbara Avila Vissirini;Timo Hausmann;Christopher Pietsch;Sarah Kreiseler,Eine experimentelle Visualisierung zur Erkundung von Bildsammlungen,closeupcloud.png
paper,Editorial: Information+ 2018 Conference,https://doi.org/10.1075/idj.25.1.002edi,"by Marian Dörk and Isabel Meirelles. Information Design Journal, 25:1, pages 3-5, Dec 2019.",Data Visualization;Critique & Theory;Events & Exhibitions,Isabel Meirelles,,
project,Wem gehört(e) der Boxi?,https://interaktiv.tagesspiegel.de/lab/wem-gehoert-der-boxi/,"von David Amacher, Dominik Berton, Michael Gegg, Felix Jaekel, Hendrik Lehmann, David Meidinger, Léonie Schwöbel und Helena Wittlich. In Zusammenarbeit mit Tagesspiegel, 2019.",Urban Complexity;Narrative & Storytelling;Geovisualization;Education,David Amacher;Dominik Berton;Michael Gegg;Felix Jaekel;Hendrik Lehmann;David Meidinger;Léonie Schwöbel;Helena Wittlich,,boxi.png
paper,"PKKB: Postdigitale Kunstpraktiken. Ästhetische Begegnungen zwischen Aneignung, Produktion und Vermittlung",papers/kopaed2019.pdf,"von Judith Ackermann, Marian Dörk und Hanne Seitz. Forschung zur Digitalisierung in der Kulturellen Bildung, Seiten 173-184, kopaed, Okt 2019.",Art;Cultural Heritage;Education,Judith Ackermann;Hanne Seitz,,
paper,Participatory Deep Maps: Towards Discursive User Engagement With Data Visualizations,papers/cityvis2019.pdf,"by Tobias Kauer, Benjamin Bach and Marian Dörk. CityVis: 2nd Workshop on Urban Data at IEEE VIS, Oct 2019.",Geovisualization;Critique & Theory;Data Visualization;Urban Complexity;Multiple Views,Tobias Kauer;Benjamin Bach,,
paper,Narrelations — Visualizing Narrative Levels and their Correlations with Temporal Phenomena,http://www.digitalhumanities.org/dhq/vol/13/3/000414/000414.html,"by Hannah Schwan, Janina Jacke, Rabea Kleymann, Jan-Erik Stange and Marian Dörk. DHQ: Digital Humanities Quarterly. 13:3, Oct 2019.",Digital Humanities;Data Visualization;Language & Literature;Narrative & Storytelling,Hannah Schwan;Janina Jacke;Rabea Kleymann;Jan-Erik Stange,,
project,VIDAN,https://uclab.fh-potsdam.de/projects/vidan/," with Francesca Morini, Jonas Rogge, Tobias Kauer and Lena Zagora. Funded by BMBF, 2019-2022.",Data Visualization;Urban Complexity;Narrative & Storytelling;World Wide Web,Francesca Morini;Jonas Rogge;Tobias Kauer;Lena Zagora,Visual and Dynamic Arrangements of Narratives,vidan.png
paper,"Städte der Zukunft modellieren, visualisieren, transformieren: Das Beispiel Eberswalde",https://doi.org/10.34678/opus4-2426,"herausgegeben von Tobias Schröder und Marian Dörk mit Beiträgen von Studierenden des Masterstudiengangs Urbane Zukunft. Verlag der Fachhochschule Potsdam, Sep 2019.",Urban Complexity;Education;Data Visualization,Tobias Schröder,,
project,Vis for Future,https://uclab.fh-potsdam.de/vff/,"with UCLAB members. Competition, 2019.",Data Visualization;Events & Exhibitions,Jonas Parnow;Viktoria Brüggemann;Mark-Jan Bludau;Francesca Morini;Tobias Kauer;Fidel Thomet,,vff.png
project,Feminist Scrollytelling,https://infovis.fh-potsdam.de/femscroll/,"with Franziska Morlok and 30 students. Course at FH Potsdam, 2019.",World Wide Web;Education;Narrative & Storytelling;Critique & Theory,Franziska Morlok,Visual data essays about intersectionality,femscroll.png
paper,Close-Up Cloud: Gaining A Sense Of Overview From Many Details,https://dev.clariah.nl/files/dh2019/boa/0534.html,"by Pauline Junginger, Dennis Ostendorf, Barbara Avila Vissirini, Anastasia Voloshina, Sarah Kreiseler and Marian Dörk. DH 2019 Utrecht – Complexities, July 2019.",Digital Humanities;Art;Cultural Heritage;Exploratory Search;Data Visualization;Zoomable Interfaces,Pauline Junginger;Dennis Ostendorf;Anastasia Voloshina;Barbara Avila Vissirini;Sarah Kreiseler,,
paper,Relational Perspectives as Situated Visualizations of Art Collections,https://dev.clariah.nl/files/dh2019/boa/0208.html,"by Mark-Jan Bludau, Marian Dörk and Frank Heidmann. DH 2019 Utrecht – Complexities, July 2019.",Digital Humanities;Art;Cultural Heritage;Exploratory Search;Data Visualization;Multiple Views,Mark-Jan Bludau,,
project,SoNAR (IDH),http://sonar.fh-potsdam.de,"with Mark-Jan Bludau <span title=""Clemens Neudecker, David Zellhöfer, Elena Leitner, Georg Rehm, Gerhard Müller, Heiner Fangerau, Julian Moreno Schneider, Michael Schneider, Sina Menzel, Thorsten Halling, Vivien Petras"">et al.",Network Visualization;Digital Humanities;Language & Literature;Data Visualization;History,Mark-Jan Bludau,Interfaces to Data for Historical Social Network Analysis and Research,sonar.png
paper,Visualization of cultural heritage collection data: State of the art and future challenges,https://ieeexplore.ieee.org/stamp/stamp.jsp?arnumber=8352050,"by Florian Windhager, Paolo Federico, Günther Schreder, Katrin Glinka, Marian Dörk, Silvia Miksch and Eva Mayr. IEEE Transactions on Visualization and Computer Graphics, 25(6):2311–2330, June 2019.",Cultural Heritage;Digital Humanities;Data Visualization,Florian Windhager;Paolo Federico;Günther Schreder;Katrin Glinka;Silvia Miksch;Eva Mayr,,
paper,Skalierbare Exploration. Prototypenstudie zur Visualisierung einer Autorenbibliothek am Beispiel der ›Handbibliothek Theodor Fontanes‹,papers/dhd2019_fontane.pdf,"von Anna Busch, Mark-Jan Bludau, Viktoria Brüggemann, Marian Dörk, Kristina Genzel, Klaus-Peter Möller, Sabine Seifert und Peer Trilcke. DHd 2019 Frankfurt & Mainz - Digital Humanities: multimedial & multimodal, März 2019.",Books & Libraries;Digital Humanities;Language & Literature;Data Visualization,Anna Busch;Mark-Jan Bludau;Viktoria Brüggemann;Kristina Genzel;Klaus-Peter Möller;Sabine Seifert;Peer Trilcke,,
project,Visuals for Language,https://uclab.fh-potsdam.de/projects/visuals-for-language/,"by Barbara Avila Vissirini. MA thesis supervised with Franziska Morlok, 2019.",Language & Literature;Education,Barbara Avila Vissirini;Franziska Morlok,Consistent visual representations of grammar,visforlang.png
paper,Zwischen Repräsentation und Rezeption – Visualisierung als Facette von Analyse und Argumentation in der Kunstgeschichte,papers/computingartreader2018.pdf,"von Katrin Glinka und Marian Dörk. Computing Art Reader → Einführung in die digitale Kunstgeschichte.  arthistoricum.net, Seiten 235-250, Dez 2018.",Art;History;Data Visualization;Cultural Heritage;Critique & Theory,Katrin Glinka,,
paper,Shifted Maps: Revealing spatio-temporal topologies in movement data,papers/visap2018.pdf,"by Heike Otten, Lennart Hildebrandt, Till Nagel, Marian Dörk and Boris Müller. VISAP’18: Proceedings of the IEEE VIS Arts Program, Oct 2018.",Data Visualization;Network Visualization;Geovisualization;Urban Complexity;Zoomable Interfaces,Heike Otten;Lennart Hildebrandt;Till Nagel;Boris Müller,,
project,Information+ 2018,http://informationplusconference.com/2018,"with Isabel Meirelles <span title=""Carolin Achtermann, Mark-Jan Bludau, Daniel Boubet, Viktoria Brüggemann, Fabian Dinklage, Jens Ove Drößiger, Constanze Flamme, Linda Freyberg, Roane Knowles-Rapson, Julia Kontor, Michael Dustin Kummer, Bela Kurek, Inés Lauber, Boris Müller, Jonas Parnow, Nikolas Ripka, William Heiko Schmidt, Fabian Schrader, Hannah Schwan, Stefanie Semm, Fidel Thomet, Gilbert Wigankow, Feline Wigman, Julian Lucas Wohlleber, Florian Zia"">et al.</span> Conference, Oct 2018.",Data Visualization;Critique & Theory;Education;Events & Exhibitions,Mark-Jan Bludau;Viktoria Brüggemann;Fabian Dinklage;Linda Freyberg;Boris Müller;Jonas Parnow;Hannah Schwan;Fidel Thomet;Gilbert Wigankow;Florian Zia,,infoplus.png
paper,Off the Grid: Visualizing a Numismatic Collection as Dynamic Piles and Streams,https://olh.openlibhums.org/articles/10.16995/olh.280,"by Flavio Gortana, Franziska von Tenspolde, Daniela Guhlmann and Marian Dörk. Open Library of Humanities (Remaking Collections), 4(2), Oct 2018.",Cultural Heritage;Data Visualization;Digital Humanities;Zoomable Interfaces,Flavio Gortana;Franziska von Tenspolde;Daniela Guhlmann,,
project,Warum eigentlich Fontane?,https://warumeigentlichfontane.fh-potsdam.de/,"mit Nicola Lepp, Franziska Morlok, Michael Annoff, Wiebke Loeper und <span title=""Elisa Bischoff, Helena Brune, Lili Helena Duchow, Jan Vincent Dufke, Charly Hall, Clara Jansen, Moira Berit Joachim, Aurélie Karadjov, Hee-ji Kim, Jana Klimmek, Clara Köhler, Nicole Krüger, Meera Lehr, Amelie Lill, Clarissa Lütz, Albina Maks, Nicole Nguyen, Benjamin Reissing, Rebekka Rinner, Carmen Scheuring, Amely Sommer, Verena Thaller und Daria Thies"">23 Studierenden</span>. Lehrverbund, 2018-2019.",Language & Literature;Education;Books & Libraries;Cultural Heritage,Nicola Lepp;Franziska Morlok;Michael Annoff;Wiebke Loeper,,warumeigentlichfontane.png
paper,Remaking Collections,https://olh.openlibhums.org/collections/special/remaking-collections/,"co-edited by Mitchell Whitelaw, Geoff Hinchcliffe, Tim Sherratt and Marian Dörk. Open Library of Humanities, April 2018.",Cultural Heritage;Data Visualization;Digital Humanities,Mitchell Whitelaw;Geoff Hinchcliffe;Tim Sherratt,,
project,Reading Traces,https://uclab.fh-potsdam.de/ff/,"with Mark-Jan Bludau, Viktoria Brüggemann <span title=""Peer Trilcke, Anna Busch, Sabine Seifert, Klaus-Peter Möller, Kristina Genzel, Luisa Billepp, Tabea Klaus, Anke Reintsch"">et al.</span> Research cooperation with Theodor-Fontane Archive Potsdam, 2018-2019.",Books & Libraries;Digital Humanities;Language & Literature;Data Visualization;Dimension Reduction,Mark-Jan Bludau;Viktoria Brüggemann;Peer Trilcke;Anna Busch;Sabine Seifert;Klaus-Peter Möller;Kristina Genzel,Visualizing Fontane’s reference library,ff.png
paper,Zur Weiterentwicklung des “cognition support”: Sammlungsvisualisierungen als Austragungsort kritisch-kulturwissenschaftlicher Forschung,papers/dhd2018_cognition.pdf,"von Florian Windhager, Katrin Glinka, Eva Mayr, Günther Schreder und Marian Dörk. DHd 2018 Köln - Kritik der digitalen Vernunft, Feb 2018.",Cultural Heritage;Data Visualization;Digital Humanities;Critique & Theory,Florian Windhager;Katrin Glinka;Eva Mayr;Günther Schreder,,
paper,Der Sammlung gerecht werden: Kritisch-generative Methoden zur Konzeption experimenteller Visualisierungen,papers/dhd2018_vikus.pdf,"von Marian Dörk und Katrin Glinka. DHd 2018 Köln - Kritik der digitalen Vernunft, Feb 2018.",Digital Humanities;Art;Cultural Heritage;Data Visualization;Education,Katrin Glinka,,
project,COINS,https://uclab.fh-potsdam.de/coins/,"by Flavio Gortana, Franziska von Tenspolde and Daniela Guhlmann. Student research, 2017-2018.",Cultural Heritage;Data Visualization;Digital Humanities;Zoomable Interfaces,Flavio Gortana;Franziska von Tenspolde;Daniela Guhlmann,A journey through a rich cultural collection,coins.png
paper,From Analysis to Communication Supporting the Lifecycle of a Story,mailto:doerk@fh-potsdam.de?subject=Please%20share%20Chapter%207%20of%20Data-Driven%20Storytelling%20book%20EOM;,"by Fanny Chevalier, Melanie Tory, Bongshin Lee, Jarke van Wijk, Giuseppe Santucci, Marian Dörk and Jessica Hullman. Data-Driven Storytelling, pages 169-202, AK Peters/CRC Press, March 2018.",Data Visualization;Narrative & Storytelling,Fanny Chevalier;Melanie Tory;Bongshin Lee;Jarke van Wijk;Giuseppe Santucci;Jessica Hullman,,
paper,Die bibliografischen Daten der Deutschen Nationalbibliothek entfalten,papers/dialogmitbibliotheken2018.pdf,"von Viktoria Brüggemann, Katja Dittrich, Marian Dörk, Johannes Herseni, Jens Rauenbusch und Fidel Thomet. Dialog mit Bibliotheken, Seiten 11-16, Jan 2018.",Books & Libraries;Cultural Heritage;Exploratory Search;Data Visualization;Multiple Views,Viktoria Brüggemann;Katja Dittrich;Johannes Herseni;Jens Rauenbusch;Fidel Thomet,,
project,PKKB,http://pkkb.fh-potsdam.de/,"with Judith Ackermann, Hanne Seitz, Magdalena Kovarik, Benjamin Egger and <span title=""Rebecca Scharlach, Daniele Maselli, Jolanta Paliszewska, Ann-Katrin Bernhard, Anne Maria Gillmeier, Anna Meide"">student researchers</span>. Funded by BMBF, 2017-2021.",Art;Cultural Heritage;Education,Judith Ackermann;Hanne Seitz;Magdalena Kovarik;Benjamin Egger,Post-digital art practices in cultural education,pkkb.png
project,Mapping Cities – Making Cities,https://uclab.fh-potsdam.de/mapping/,"course at FH Potsdam, since 2017.",Education;Urban Complexity;Data Visualization;Geovisualization,,,mapping.png
paper,Urban Complexity Lab,papers/interactions2017.pdf,"by Marian Dörk, Boris Müller, Stephanie Neumann, Johannes Herseni, Katrin Glinka, Katja Dittrich, Christopher Pietsch, Linda Freyberg and Jan-Erik Stange. interactions, 24(5), pages 16-19, Sep 2017.",Data Visualization;Education,Boris Müller;Stephanie Neumann;Johannes Herseni;Katrin Glinka;Katja Dittrich;Christopher Pietsch;Linda Freyberg;Jan-Erik Stange,,
project,DNBVIS,https://dnbvis.fh-potsdam.de/,"with Katja Dittrich, Johannes Herseni, Fidel Thomet <span title=""Viktoria Brüggemann, Jens Rauenbusch and Jonas Parnow"">et al.</span> Research cooperation with German National Library, 2017.",Books & Libraries;Cultural Heritage;Exploratory Search;Data Visualization;Multiple Views,Katja Dittrich;Johannes Herseni;Fidel Thomet;Viktoria Brüggemann;Jens Rauenbusch;Jonas Parnow,Visualizing bibliographic data and contents,dnbvis.png
paper,One view is not enough: High-level visualizations of a large cultural collection,https://doi.org/10.1075/idj.23.1.06dor,"by Marian Dörk, Christopher Pietsch and Gabriel Credico. Information Design Journal, 23:1, pages 39-47, July 2017.",Books & Libraries;Cultural Heritage;Data Visualization;Multiple Views,Christopher Pietsch;Gabriel Credico,,
project,Narrelations,https://uclab.fh-potsdam.de/narrelations/,"by Hannah Schwan with Janina Jacke, Rabea Kleymann, Jan-Erik Stange and Christian Laesser. Student project and research collaboration with Universität Hamburg, 2017-2019.",Digital Humanities;Data Visualization;Language & Literature;Narrative & Storytelling,Hannah Schwan;Janina Jacke;Rabea Kleymann;Jan-Erik Stange;Christian Laesser,Visualizing Narrative Levels and their Correlations with Temporal Phenomena,narrelations.png
project,VIKUS Viewer,https://vikusviewer.fh-potsdam.de/,"by Christopher Pietsch. Funded by SPSG, RECS and MWW, 2017-2018.",Cultural Heritage;Data Visualization;Exploratory Search;World Wide Web;Multiple Views;Zoomable Interfaces,Christopher Pietsch,"Explore cultural collections along time, texture and themes",vikusviewer.png
paper,Memory Dialogue: Exploring Artefact-Based Memory Sharing,papers/altchi2017.pdf,"by Stephanie Neumann, Richard Banks and Marian Dörk. alt.chi 2017: Extended Abstracts of the SIGCHI Conference on Human Factors in Computing Systems, ACM, pages 884-895, May 2017.",Cultural Heritage,Stephanie Neumann;Richard Banks,,
project,Raoul Hausmann Sammlung Online,https://uclab.fh-potsdam.de/hausmann/,"by Mark-Jan Bludau. MA thesis supervised with Frank Heidmann, 2017.",Art;Cultural Heritage;Digital Humanities;Data Visualization;Multiple Views,Mark-Jan Bludau;Frank Heidmann,,hausmann.png
paper,Tracing exploratory modes in digital collections of museum Web sites using reverse information architecture,http://firstmonday.org/ojs/index.php/fm/article/view/6984/6090,"by Sarah Kreiseler, Viktoria Brüggemann and Marian Dörk. First Monday. 22:4, April 2017.",Exploratory Search;Cultural Heritage;Critique & Theory;World Wide Web,Sarah Kreiseler;Viktoria Brüggemann,,
paper,Culturegraphy,papers/leonardo2016.pdf,"by Kim Albrecht, Marian Dörk and Boris Müller. Leonardo. 50(2), pages 209-201, MIT Press, April 2017.",Cultural Heritage;Data Visualization,Kim Albrecht;Boris Müller,,
paper,"Past Visions and Reconciling Views: Visualizing Time, Texture and Themes in Cultural Collections",http://www.digitalhumanities.org/dhq/vol/11/2/000290/000290.html,"by Katrin Glinka, Christopher Pietsch and Marian Dörk. DHQ: Digital Humanities Quarterly. 11:2, March 2017.",Digital Humanities;Cultural Heritage;Art;Exploratory Search;Multiple Views;Zoomable Interfaces;History,Katrin Glinka;Christopher Pietsch,,
paper,Von sammlungsspezifischen Visualisierungen zu nachnutzbaren Werkzeugen,papers/dhd2017_vikusviewer.pdf,"von Katrin Glinka, Christopher Pietsch und Marian Dörk. DHd 2017 Bern - Digitale Nachhaltigkeit, Feb 2017.",Digital Humanities;Cultural Heritage;Art;Exploratory Search;Multiple Views;Zoomable Interfaces,Katrin Glinka;Christopher Pietsch,,
paper,Museale Bestände im Web: Eine Untersuchung von acht digitalen Sammlungen,papers/evaberlin2016.pdf,"by Viktoria Brüggemann, Sarah Kreiseler and Marian Dörk. EVA Berlin: Proceedings of the Electronic Media and Visual Arts conference, pages 227-236, Nov 2016.",Exploratory Search;Cultural Heritage;Critique & Theory;World Wide Web,Viktoria Brüggemann;Sarah Kreiseler,,
project,Reverse Information Architecture,https://uclab.fh-potsdam.de/ria/,"by Sarah Kreiseler and Viktoria Brüggemann. Student research, 2016-2017.",Exploratory Search;Cultural Heritage;Critique & Theory;World Wide Web,Sarah Kreiseler;Viktoria Brüggemann,,ria.png
paper,Staged Analysis: From Evocative to Comparative Visualizations of Urban Mobility,papers/visap2016.pdf,"by Till Nagel, Christopher Pietsch and Marian Dörk. VISAP’16: Proceedings of the IEEE VIS Arts Program, Oct 2016.",Urban Complexity;Data Visualization,Till Nagel;Christopher Pietsch,,
paper,Visualizing the spatiality in fictional narratives,papers/vis4dh2016.pdf,"by Jan-Erik Stange and Marian Dörk. Workshop on Visualization for the Digital Humanities at IEEE VIS, Oct 2016.",Urban Complexity;Language & Literature;Books & Libraries;Data Visualization;Narrative & Storytelling,Jan-Erik Stange,,
paper,"Linking structure, texture and context in a visualization of historical drawings by Frederick William IV (1795-1861)",papers/dah2016.pdf,"by Katrin Glinka, Christopher Pietsch, Carsten Dilba and Marian Dörk. International Journal for Digital Art History, No 2, Oct 2016.",Digital Humanities;Cultural Heritage;Art;Exploratory Search;History,Katrin Glinka;Christopher Pietsch;Carsten Dilba,,
project,Habitat X Change,https://habitatxchange.org,"with Sebastian Meier, Fabian Morón Zirfas, Katja Dittrich <span title=""Denise Young, Johannes Mengel, Owen Gaffney and Charles Ebikeme"">et al.</span> Exhibition and event space at UN Habitat III, Quito, Ecuador, Oct 2016.",Urban Complexity;Data Visualization;Events & Exhibitions,Sebastian Meier;Fabian Morón Zirfas;Katja Dittrich;Denise Young;Johannes Mengel;Owen Gaffney;Charles Ebikeme,,habitat.jpg
paper,Rewiring science-policy with visual information design,https://medium.com/future-earth-media-lab/rewiring-science-policy-with-visual-information-design-c278b4294491#.zdno0acqt,"by Owen Gaffney, Marian Dörk, Jason Dykes, Greg McInerny and Denise Young. Future Earth Media Lab – Medium, 16 Oct 2016.",Urban Complexity;Data Visualization,Owen Gaffney;Jason Dykes;Greg McInerny;Denise Young,,
project,MA Urbane Zukunft,http://urbane-zukunft.de,"mit Michael Prytula, Tobias Schröder, Michael Ortgiese, Antje Michel, Heike Neuroth und Janina Lehmann. Start Okt 2016.",Education;Urban Complexity,Michael Prytula;Tobias Schröder;Michael Ortgiese;Antje Michel;Heike Neuroth;Janina Lehmann,Forschungsorientierter Masterstudiengang an der Fachhochschule Potsdam,mauz.jpg
paper,Transformation lernen: Der Masterstudiengang Urbane Zukunft an der Fachhochschule Potsdam,papers/transformingcities2016.pdf,"von Michael Prytula, Tobias Schröder, Marian Dörk, Michael Ortgiese, Antje Michel, Heike Neuroth und Janina Lehmann. Transforming Cities, Seiten 76-79, Sep 2016.",Urban Complexity;Education,Michael Prytula;Tobias Schröder;Michael Ortgiese;Antje Michel;Heike Neuroth;Janina Lehmann,,
project,Unsichtbares Potsdam,https://unsichtbarespotsdam.de,"mit Katrin Glinka, Stephanie Neumann und Gilbert Wigankow. Stadt für eine Nacht, Juli 2016.",Urban Complexity;Data Visualization;Events & Exhibitions,Katrin Glinka;Stephanie Neumann;Gilbert Wigankow,,unsichtbarespotsdam.jpg
project,CityVis,https://cityvis.io/competition.php?year=2016,"with Sebastian Meier and Owen Gaffney. Competition, 2016.",Urban Complexity;Data Visualization;Events & Exhibitions,Sebastian Meier;Owen Gaffney,An open platform for urban visualization projects,cityvis.png
paper,Emosaic: Visualisierung von Emotionen in Texten durch Farbumwandlung zur Analyse und Exploration,papers/dhd2016_emosaic.pdf,"von Martin von Lupin, Philipp Geuder, Marie Claire Leidinger, Tobias Schröder und Marian Dörk. DHd 2016 Leipzig – Modellierung - Vernetzung – Visualisierung, März 2016.",Data Visualization;Digital Humanities;Language & Literature;Multiple Views,Martin von Lupin;Philipp Geuder;Marie Claire Leidinger;Tobias Schröder,,
project,Emosaic,https://emosaic.de,"by Martin von Lupin, Philipp Geuder and Marie Claire Leidinger. Student research supervised with Tobias Schröder, 2016.",Data Visualization;Digital Humanities;Language & Literature;Multiple Views,Martin von Lupin;Philipp Geuder;Marie Claire Leidinger;Tobias Schröder,Visualizing Affective Content of Text at Varying Granularity,emosaic.png
project,Past Visions,https://uclab.fh-potsdam.de/fw4/,"with Katrin Glinka and Christopher Pietsch. Part of VIKUS project in collaboration with SPSG, 2016-2017.",Digital Humanities;Cultural Heritage;Art;Exploratory Search;Zoomable Interfaces;History,Katrin Glinka;Christopher Pietsch,,fw4.png
paper,Probing Projections: Interaction Techniques for Interpreting Arrangements and Errors of Dimensionality Reductions,papers/infovis2015.pdf,"by Julian Stahnke, Marian Dörk, Boris Müller and Andreas Thom. TVCG: IEEE Transactions on Visualization and Computer Graphics (Proceedings InfoVis 2015). 22(1), pages 629-638, Jan 2016.",Data Visualization;Dimension Reduction;Multiple Views,Julian Stahnke;Boris Müller;Andreas Thom,,
project,Probing Projections,http://jujujulian.com/mds/,"by Julian Stahnke. BA thesis, supervised with Boris Müller, 2015.",Data Visualization;Dimension Reduction;Multiple Views,Julian Stahnke;Boris Müller,,probingprojections.png
paper,Archival Liveness: Designing with Collections Before and During Cataloguing and Digitization,http://www.digitalhumanities.org/dhq/vol/9/3/000227/000227.html,"by Tom Schofield, David Kirk, Telmo Amaral, Marian Dörk, Mitchell Whitelaw, Guy Schofield and Thomas Ploetz. DHQ: Digital Humanities Quarterly. 9:3, Dec 2015.",Art;Cultural Heritage;Critique & Theory;Digital Humanities,Tom Schofield;David Kirk;Telmo Amaral;Mitchell Whitelaw;Guy Schofield;Thomas Ploetz,,
project,Streams &amp; Traces,https://streamsandtraces.com/,"by <span title=""Boris Müller, Jan-Erik Stange, Katrin Glinka, Marian Dörk, Matthias Graf, Stephanie Neumann, Till Nagel"">UCLAB members</span> and <span title=""Andrea Biedermann, Christian Münch, Christopher Pietsch, Fabian Ehmel, Flavio Gortana, Heike Otten, Lennart Hildebrandt, Samira Akhavan"">FHP students</span>. Exhibition, Nov 2015.",Urban Complexity;Events & Exhibitions,Boris Müller;Jan-Erik Stange;Katrin Glinka;Stephanie Neumann;Till Nagel;Christopher Pietsch;Fabian Ehmel;Flavio Gortana;Heike Otten;Lennart Hildebrandt,Mapping the ephemeral city,streamsandtraces.png
paper,Museum im Display. Visualisierung kultureller Sammlungen (Vikus),papers/evaberlin2015.pdf,"von Katrin Glinka und Marian Dörk. EVA Berlin: Proceedings of the Electronic Media and Visual Arts conference, Seiten 21-27, Nov 2015.",Digital Humanities;Data Visualization;Cultural Heritage,Katrin Glinka,,
project,GEI-Digital,https://uclab.fh-potsdam.de/gei/,"by Christopher Pietsch and Gabriel Credico. Funded by Georg-Eckert Institute, 2015-2017.",Books & Libraries;Cultural Heritage;Data Visualization;Multiple Views;Faceted Navigation,Christopher Pietsch;Gabriel Credico,,gei.png
paper,Micro Visualization: Data-driven typography and graphical text enhancement,papers/infovis2015_poster.pdf,"by Jonas Parnow and Marian Dörk. Poster at IEEE VIS, Oct 2015.",Data Visualization,Jonas Parnow,,
project,Micro Visualisation,http://microvis.info,"by Jonas Parnow. MA thesis supervised with Boris Müller, 2015.",Data Visualization,Jonas Parnow;Boris Müller,,microvis.png
paper,Are there networks in maps? An experimental visualization of personal movement data,papers/personalvis2015.pdf,"by Heike Otten, Lennart Hildebrandt, Till Nagel, Marian Dörk and Boris Müller. Paper at IEEE VIS Personal Visualization Workshop, Oct 2015.",Urban Complexity;Geovisualization;Network Visualization;Data Visualization;Zoomable Interfaces,Heike Otten;Lennart Hildebrandt;Till Nagel;Boris Müller,,
project,Shifted Maps,http://shifted-maps.com/,"by Heike Otten and Lennart Hildebrandt. Student research supervised with Till Nagel and Boris Müller, 2015.",Urban Complexity;Geovisualization;Network Visualization;Data Visualization;Zoomable Interfaces,Heike Otten;Lennart Hildebrandt;Till Nagel;Boris Müller,Visualizing personal Movement through Map Networks,shiftedmaps.png
paper,Visualising the »Un‑seen«: Towards Critical Approaches and Strategies of Inclusion in Digital Cultural Heritage Interfaces,papers/kui2015.pdf,"by Katrin Glinka, Sebastian Meier and Marian Dörk. Kultur und Informatik: Cross Media, vwh, pages 105-117, May 2015.",Critique & Theory;Cultural Heritage;Data Visualization,Katrin Glinka;Sebastian Meier,,
paper,WordWanderer: A Navigational Approach to Text Visualisation,wordwanderer/corpora2015.pdf,"by Marian Dörk and Dawn Knight. Corpora, Edinburgh University Press, 10(1), pages 83-94, April 2015.",Language & Literature;Data Visualization;Digital Humanities,Dawn Knight,,
project,Visualizing Urban Complexity,https://uclab.fh-potsdam.de/,"with Boris Müller, Till Nagel and Jan-Erik Stange. Research cooperation with HERE, 2014-2016.",Urban Complexity;Data Visualization,Boris Müller;Till Nagel;Jan-Erik Stange,,uclab.png
paper,Weaving a Carpet from Log Entries: a Network Security Visualization Built with Co-Creation,papers/vast2014.pdf,"by Johannes Landstorfer, Ivo Herrmann, Jan-Erik Stange, Marian Dörk and Reto Wettach. VAST 2014: Proceedings of IEEE Symposium On Visual Analytics Science And Technology, Nov 2014.",Network Visualization;Data Visualization,Johannes Landstorfer;Ivo Herrmann;Jan-Erik Stange;Reto Wettach,,
project,DDB Visualized,https://uclab.fh-potsdam.de/ddb/,"by Christian Bernhardt, Gabriel Credico and Christopher Pietsch. Funded by German Digital Library, 2014.",Cultural Heritage;Books & Libraries;Data Visualization;Multiple Views,Christian Bernhardt;Gabriel Credico;Christopher Pietsch,,ddb.png
paper,Visual Filter: Graphical Exploration of Network Security Log Files,papers/vizsec2014.pdf,"by Jan-Erik Stange, Johannes Landstorfer, Marian Dörk and Reto Wettach. VizSec '14: Proceedings of the Eleventh Workshop on Visualization for Cyber Security (IEEE VIS 2014), pages 41-48, Nov 2014.",Network Visualization;Data Visualization,Jan-Erik Stange;Johannes Landstorfer;Reto Wettach,,
project,VIKUS,https://uclab.fh-potsdam.de/vikus/,"with Katrin Glinka, Stephanie Neumann, Christopher Pietsch et al. Funded by BMBF, 2014-2017.",Cultural Heritage;Data Visualization;Art;Exploratory Search;Education,Katrin Glinka;Stephanie Neumann;Christopher Pietsch,Visualizing Cultural Collections,vikus.png
project,The Search Is Over!,http://searchisover.org/,"with Mitchell Whitelaw, Steven M. Drucker and Florian Kräutli. Workshop at DL2014, Sep 2014.",Digital Humanities;Cultural Heritage;Data Visualization;Events & Exhibitions,Mitchell Whitelaw;Steven M. Drucker;Florian Kräutli,Exploring Cultural Collections with Visualization,searchisover.png
project,Culturegraphy,http://www.culturegraphy.com,"by Kim Albrecht. MA thesis supervised with Boris Müller, 2014.",Cultural Heritage;Data Visualization;Network Visualization,Kim Albrecht;Boris Müller,,culturegraphy.png
project,They Know,https://www.they-know.org/,"by Christian Laesser. BA thesis, supervised with Boris Müller, 2014.",Critique & Theory;Data Visualization;Social Media,Christian Laesser;Boris Müller,Interface design in government surveillance between fiction and reality,they-know.png
paper,Monadic Exploration: Seeing the Whole Through Its Parts,monadicexploration/chi2014.pdf,"by Marian Dörk, Rob Comber and Martyn Dade-Robertson. CHI 2014: Proceedings of the SIGCHI Conference on Human Factors in Computing Systems, ACM, pages 1535–1544, April 2014. ",Critique & Theory;Data Visualization;Network Visualization;Books & Libraries,Rob Comber;Martyn Dade-Robertson,,
project,information+visualization,http://infovis.fh-potsdam.de/,"with Jan-Erik Stange, Sebastian Meier et al. Public talk series at FH Potsdam, since 2014.",Data Visualization;Education;Events & Exhibitions,Jan-Erik Stange;Sebastian Meier,,talkseries.png
paper,Exploring the Promises and Potentials of Visual Archive Interfaces,papers/iconf2014_amber.pdf,"by Ko-Le Chen, Marian Dörk and Martyn Dade-Robertson. Proceedings of the 2014 iConference, pages 735-741, March 2014.",Cultural Heritage;Data Visualization,Ko-Le Chen;Martyn Dade-Robertson,,
paper,Visually Exploring Books Along Their Subject Headings,papers/iconf2014_spideysense.pdf,"by Cody Coljee-Gray, Marian Dörk and Sheelagh Carpendale. Proceedings of the 2014 iConference, pages 729-734, March 2014.",Books & Libraries;Data Visualization;Exploratory Search,Cody Coljee-Gray;Sheelagh Carpendale,,
paper,Visualisierung Kultureller Sammlungen,papers/dhb3poster.pdf,"von Marian Dörk. Posterpräsentation beim 3. Einstein-Zirkel Digital Humanities Workshop, Berlin, Feb 2014.",Cultural Heritage;Data Visualization;Digital Humanities,,,
project,WordWanderer,http://www.wordwanderer.org,"with Dawn Knight. Part of RCUK PATINA project at Newcastle University, UK, 2013.",Language & Literature;Data Visualization;Digital Humanities,Dawn Knight,take your text for a walk,wordwanderer.png
paper,"Indexicality and Visualization: Exploring Analogies with Art, Cinema and Photography",papers/cc2013.pdf,"by Tom Schofield, Marian Dörk and Martyn Dade-Robertson. C&amp;C 2013: Proceedings of the Conference on Creativity and Cognition, ACM, pages 175-184, June 2013.",Art;Critique & Theory;Data Visualization,Tom Schofield;Martyn Dade-Robertson,,
project,Monadic Exploration,monadicexploration/,"with Rob Comber and Martyn Dade-Robertson. Part of RCUK PATINA project at Newcastle University, UK, 2013.",Critique & Theory;Data Visualization;Network Visualization;Books & Libraries,Rob Comber;Martyn Dade-Robertson,,monadicexploration.png
paper,Critical InfoVis: Exploring the Politics of Visualization,criticalinfovis/altchi2013.pdf,"by Marian Dörk, Patrick Feng, Christopher Collins and Sheelagh Carpendale. alt.chi 2013: Extended Abstracts of the SIGCHI Conference on Human Factors in Computing Systems, ACM, pages 2189-2198, May 2013.",Critique & Theory;Data Visualization,Patrick Feng;Christopher Collins;Sheelagh Carpendale,,
paper,Taking Our Sweet Time to Search,slowsearch/chi2013.pdf,"by Marian Dörk, Peter Bennett and Rosamund Davies. Changing Perspectives of Time in HCI (CHI 2013 workshop), 4 pages, April 2013.",Exploratory Search;Critique & Theory,Peter Bennett;Rosamund Davies,,
paper,Accentuating Visualization Parameters to Guide Exploration,accentuation/chi2013.pdf,"by Marian Dörk, Heidi Lam and Omar Benjelloun. Work-in-Progress at CHI 2013: Extended Abstracts of the SIGCHI Conference on Human Factors in Computing Systems, ACM, pages 1755-1760, May 2013.",Data Visualization;Multiple Views,Heidi Lam;Omar Benjelloun,,
project,Accentuation,accentuation/,"with Omar Benjelloun. Internship at Google, Paris, 2012.",Data Visualization;Multiple Views,Omar Benjelloun,,accentuation.png
paper,PivotPaths: Strolling through Faceted Information Spaces,pivotpaths/infovis2012.pdf,"by Marian Dörk, Nathalie Henry Riche, Gonzalo Ramos and Susan Dumais. TVCG: IEEE Transactions on Visualization and Computer Graphics (Proceedings InfoVis 2012). 18(12), pages 2709-2718, Dec 2012.",Data Visualization;Exploratory Search;Network Visualization;Faceted Navigation,Nathalie Henry Riche;Gonzalo Ramos;Susan Dumais,,
paper,Navigating Tomorrow’s Web: From Searching and Browsing to Visual Exploration,visgets/tweb2012.pdf,"by Marian Dörk, Carey Williamson and Sheelagh Carpendale. TWEB: ACM Transactions on the Web. 6(3), Article No. 13, 28 pages, Sep 2012.",Data Visualization;Exploratory Search;Faceted Navigation,Carey Williamson;Sheelagh Carpendale,,
paper,Visualization for Search: Exploring Complex and Dynamic Information Spaces,phd/,"by Marian Dörk. <span title=""supervised by Sheelagh Carpendale and Carey Williamson"">PhD Thesis</span>, Department of Computer Science, University of Calgary, July 2012.",Data Visualization;Exploratory Search;Network Visualization;Dimension Reduction;Critique & Theory,Sheelagh Carpendale;Carey Williamson,,
paper,"The LunchTable: A Multi-User, Multi-Display System for Information Sharing in Casual Group Interactions",papers/ispd2012.pdf,"by Miguel Nacenta, Mikkel Jakobsen, Rémy Dautriche, Uta Hinrichs, Marian Dörk, Jonathan Haber and Sheelagh Carpendale. ISPD 2012: International Symposium on Pervasive Displays, 6 pages, June 2012.",Social Media,Miguel Nacenta;Mikkel Jakobsen;Rémy Dautriche;Uta Hinrichs,,
paper,Fluid Views: A Zoomable Search Environment,fluidviews/avi2012.pdf,"by Marian Dörk, Sheelagh Carpendale and Carey Williamson. AVI 2012: Proceedings of the International Conference on Advanced Visual Interfaces, ACM, pages 233-240, May 2012.",Exploratory Search;Data Visualization;Geovisualization;Zoomable Interfaces,Sheelagh Carpendale;Carey Williamson,,
paper,Visualizing Explicit and Implicit Relations of Complex Information Spaces,edgemaps/ivj2012.pdf,"by Marian Dörk, Sheelagh Carpendale and Carey Williamson. Information Visualization, Sage, 11(1), pages 5-21, Jan 2012.",Data Visualization;Dimension Reduction;Network Visualization,Sheelagh Carpendale;Carey Williamson,,
project,PivotPaths,pivotpaths/,"with Nathalie Henry Riche, Gonzalo Ramos and Susan Dumais. Internship at Microsoft Research, Redmond, 2011.",Data Visualization;Exploratory Search;Network Visualization;Faceted Navigation,Nathalie Henry Riche;Gonzalo Ramos;Susan Dumais,,pivotpaths.png
paper,Exploring Growing Information Spaces,phd/hcir2011.pdf,"by Marian Dörk, Sheelagh Carpendale and Carey Williamson. HCIR 2011: Workshop on Human-Computer Interaction and Information Retrieval, 4 pages, Oct 2011.",Exploratory Search;Data Visualization,Sheelagh Carpendale;Carey Williamson,,
project,Fluid Views,fluidviews/,"with Sheelagh Carpendale and Carey Williamson. PhD research at University of Calgary, 2011-2012.",Exploratory Search;Data Visualization;Geovisualization;Zoomable Interfaces,Sheelagh Carpendale;Carey Williamson,,fluidviews.png
paper,Mapping Influence of Philosophers Across Interests and Epochs,edgemaps/aitf2011.pdf,"by Marian Dörk, Sheelagh Carpendale and Carey Williamson. Poster at AITF Tech Futures Summit 2011, Banff, Aug 2011. Best poster award.",Data Visualization;Dimension Reduction;Network Visualization,Sheelagh Carpendale;Carey Williamson,,
project,Critical InfoVis,criticalinfovis/,"with Patrick Feng, Christopher Collins and Sheelagh Carpendale. PhD research at University of Calgary, 2011-2012.",Critique & Theory;Data Visualization,Patrick Feng;Christopher Collins;Sheelagh Carpendale,Exploring the Politics of Visualization,criticalinfovis.png
paper,Follow that Sketch: Lifecycles of Diagrams and Sketches in Software Development,papers/vissoft2011.pdf,"by Jagoda Walny, Jonathan Haber, Marian Dörk, Jonathan Sillito and Sheelagh Carpendale. VISSOFT 2011: Proceedings of IEEE International Workshop on Visualizing Software for Understanding and Analysis, Sep 2011.",,Jagoda Walny;Jonathan Haber;Jonathan Sillito;Sheelagh Carpendale,,
paper,The Information Flaneur: A Fresh Look at Information Seeking,informationflaneur/chi2011.pdf,"by Marian Dörk, Sheelagh Carpendale and Carey Williamson. CHI 2011: Proceedings of the SIGCHI Conference on Human Factors in Computing Systems, ACM, pages 1215-1224, May 2011.",Exploratory Search;Critique & Theory;World Wide Web,Sheelagh Carpendale;Carey Williamson,,
project,Information Flaneur,informationflaneur/,"with Sheelagh Carpendale and Carey Williamson. PhD research at University of Calgary, 2011.",Exploratory Search;Critique & Theory;World Wide Web,Sheelagh Carpendale;Carey Williamson,,informationflaneur.png
paper,Urban Co-Creation: Envisioning New Digital Tools for Activism and Experimentation in the City,urbancocreation/hpc2011.pdf,"by Marian Dörk and David Monteyne. HCI, Politics and the City (CHI 2011 workshop), 4 pages, May 2011.",Urban Complexity,David Monteyne,,
paper,Let’s All Go to the Lunch Table: Performance in Interactive Semi-Public Spaces,papers/pips2011.pdf,"by Jonathan Haber, Miguel Nacenta, Uta Hinrichs, Marian Dörk, Rémy Dautriche and Sheelagh Carpendale. Performative Interaction in Public Space (CHI 2011 workshop), 4 pages, May 2011.",Social Media,Jonathan Haber;Miguel Nacenta;Uta Hinrichs;Rémy Dautriche;Sheelagh Carpendale,,
paper,EdgeMaps: Visualizing Explicit and Implicit Relations,edgemaps/vda2011.pdf,"by Marian Dörk, Sheelagh Carpendale and Carey Williamson. Proceedings of VDA 2011: Conference on Visualization and Data Analysis, IS&amp;T/SPIE, 12 pages, Jan 2011. Best paper award.",Data Visualization;Dimension Reduction;Network Visualization,Sheelagh Carpendale;Carey Williamson,,
paper,A Visual Backchannel for Large-Scale Events,visualbackchannel/infovis2010.pdf,"by Marian Dörk, Daniel Gruen, Carey Williamson and Sheelagh Carpendale. TVCG: IEEE Transactions on Visualization and Computer Graphics (Proceedings InfoVis 2010), 16(6), pages 1129-38, Nov/Dec 2010.",Exploratory Search;Data Visualization;World Wide Web;Social Media;Multiple Views,Daniel Gruen;Carey Williamson;Sheelagh Carpendale,,
paper,Information Visualization for Web-based Search and Exploration,phd/visweek2010dc.pdf,"(<a href=""phd/visweek2010poster.pdf"">Poster</a>) by Marian Dörk. IEEE VisWeek 2010 Doctoral Colloquium, 4 pages, Oct 2010.",Exploratory Search;Data Visualization;World Wide Web;Multiple Views,,,
project,Visual Backchannel,visualbackchannel/,"with Daniel Gruen. Internship at IBM Research, Cambridge, MA, 2009.",Exploratory Search;Data Visualization;Social Media;Multiple Views,Daniel Gruen,,visualbackchannel.png
project,EdgeMaps,edgemaps/,"with Sheelagh Carpendale and Carey Williamson. PhD research at University of Calgary, 2009-2011.",Data Visualization;Dimension Reduction;Network Visualization,Sheelagh Carpendale;Carey Williamson,,edgemaps.png
paper,Towards Visual Web Search: Interactive Query Formulation and Search Result Visualization,visgets/wssp2009.pdf,"by Marian Dörk, Carey Williamson and Sheelagh Carpendale. WSSP 2009: WWW Workshop on Web Search Result Summarization and Presentation, 4 pages, April 2009.",Exploratory Search;Data Visualization;World Wide Web;Geovisualization;Multiple Views;Faceted Navigation,Sheelagh Carpendale;Carey Williamson,,
paper,VisGets: Coordinated Visualizations for Web-based Information Exploration and Discovery,visgets/infovis2008.pdf,"by Marian Dörk, Sheelagh Carpendale, Christopher Collins and Carey Williamson. TVCG: IEEE Transactions on Visualization and Computer Graphics (Proceedings InfoVis 2008), 14(6), pages 1205-1212, Nov/Dec 2008.",Exploratory Search;Data Visualization;World Wide Web;Geovisualization;Faceted Navigation,Sheelagh Carpendale;Christopher Collins;Carey Williamson,,
paper,Towards a Better VIEW: Visual Information Exploration on the Web,visgets/diplomathesis.pdf,"by Marian Dörk. <span title=""supervised by Sheelagh Carpendale, Carey Williamson and Marcel Götze"">Diplomarbeit</span>, Faculty of Computer Science, Otto-von-Guericke University Magdeburg, May 2008.",Exploratory Search;Data Visualization;World Wide Web;Social Media;Geovisualization;Faceted Navigation,Sheelagh Carpendale;Carey Williamson;Marcel Götze,,
project,VisGets,visgets/,"with Sheelagh Carpendale and Carey Williamson. Diploma thesis project at University of Calgary, 2008.",Exploratory Search;Data Visualization;World Wide Web;Geovisualization;Multiple Views;Language & Literature;Faceted Navigation,Sheelagh Carpendale;Carey Williamson,,visgets.png
paper,Atomique: A Photo Repository for Decentralized and Distributed Photo Sharing on the Web,atomique/multimedia2007.pdf,"by Marian Dörk, Andreas Nürnberger and Javier Velasco Martín. Demo at MULTIMEDIA 2007: Proceedings of the 15th annual international conference on Multimedia, ACM, pages 152-153, 2007.",Exploratory Search;World Wide Web;Social Media,Andreas Nürnberger;Javier Velasco Martín,,
paper,Decentralized and Distributed Photo Sharing on the Web,atomique/projectreport.pdf,"by Marian Dörk. <span title=""supervised by Andreas Nürnberger and Javier Velasco Martín"">Project report</span>, Faculty of Computer Science, Otto-von-Guericke University of Magdeburg, Feb 2007.",Exploratory Search;World Wide Web;Social Media,Andreas Nürnberger;Javier Velasco Martín,,